External debt stocks (% of GNI),1960,1961,1962,1963,1964,1965,1966,1967,1968,1969,1970,1971,1972,1973,1974,1975,1976,1977,1978,1979,1980,1981,1982,1983,1984,1985,1986,1987,1988,1989,1990,1991,1992,1993,1994,1995,1996,1997,1998,1999,2000,2001,2002,2003,2004,2005,2006,2007,2008,2009,2010,2011
Afghanistan,,,,,,,,,,,,,,,,,,,,,,,,,,,,,,,,,,,,,,,,,,,,,,,11.3161594394273,19.3806713300032,19.6247298323928,,,
Albania,,,,,,,,,,,,,,,,,,,,,,,,,,,,,,,,45.7718346188543,92.941602057919,64.6371622893884,44.362638501278,18.5916370761522,16.0706687511191,23.2461700706778,22.8174243948836,20.5457968287357,28.2191080500516,26.0573631196976,24.6164886304161,25.6550587637999,20.353928616786,24.054047718746,25.9166498022748,25.9328823713142,29.7183991769591,39.3167085431478,40.5408675584427,
Algeria,,,,,,,,,,,19.8137325829844,25.0334240436977,22.9957811797116,34.6251270515936,25.6202536660914,30.1209663904768,35.1075649928944,51.4258070237464,61.0195050614066,57.5538849154943,47.0582318191502,42.6264139613887,40.1860011719408,34.4024244570863,30.4290067297428,32.3913560703581,36.3749687798936,37.438767489705,45.6902967150701,50.6768861822355,46.9467886281693,65.4950981280184,59.6574280651856,54.5157853582944,74.1082697300006,83.5191802927759,75.8286359010026,67.2410668548967,66.4457109633162,60.4227772880993,48.7485697549001,42.1966099401707,41.6494438094942,36.0430680700769,27.2499008120437,17.3468579991275,5.07760140327554,4.40857777361941,3.49732956787346,3.88602448823882,3.39204575642975,
American Samoa,,,,,,,,,,,,,,,,,,,,,,,,,,,,,,,,,,,,,,,,,,,,,,,,,,,,
Andorra,,,,,,,,,,,,,,,,,,,,,,,,,,,,,,,,,,,,,,,,,,,,,,,,,,,,
Angola,,,,,,,,,,,,,,,,,,,,,,,,,,,,,,93.6498291869154,104.600109077634,91.3487680193399,286.779857995287,326.732509858979,581.207161123716,311.860397322886,179.28153393566,155.1230817975,206.182380665653,218.307010392963,126.288274459811,114.355953176214,89.2619413118575,71.0971322299626,54.1332677741966,44.4853473233466,23.8741573350974,22.240535689286,21.431097265753,24.1968091001629,24.580440807178,
Antigua and Barbuda,,,,,,,,,,,,,,,,,,,,,,,,,,,,,,,,,,,,,,,,,,,,,,,,,,,,
Argentina,,,,,,,,,,,19.1133643250671,18.5861076529396,19.8046373669655,13.6996562559598,10.495669417989,14.5301198512631,18.1272472182244,20.3149305371697,23.0022159242903,30.5274496352899,35.5986546190902,46.3776256889462,55.0379712705614,46.822313626002,65.1451605478817,60.8872863999497,49.5173049571163,55.1789088122366,48.737693235787,92.9323319169517,46.0470962221182,35.5741986532609,30.4377503682939,27.5708630456985,29.4701939795999,38.8581444658122,41.6510481341125,44.1318424924818,47.9475703769826,50.843438666193,50.9346491011385,56.942443631999,153.234863166618,131.779058980835,112.597538110052,70.7572042692871,55.4677787582139,45.9148981142052,37.2140508928943,40.4123279882038,36.1449631435494,
Armenia,,,,,,,,,,,,,,,,,,,,,,,,,,,,,,,,,,12.1463561966339,16.3035170947484,25.2755507040484,31.7083039953013,36.7348128927826,41.1553205884978,47.4542451033233,46.6490175484127,59.1689421511235,64.6017431473305,64.2249264072322,53.4661009316918,36.6040697029027,30.3643641368399,30.5539515713907,28.0699279554727,56.105997931862,64.7623540726046,
Aruba,,,,,,,,,,,,,,,,,,,,,,,,,,,,,,,,,,,,,,,,,,,,,,,,,,,,
Australia,,,,,,,,,,,,,,,,,,,,,,,,,,,,,,,,,,,,,,,,,,,,,,,,,,,,
Austria,,,,,,,,,,,,,,,,,,,,,,,,,,,,,,,,,,,,,,,,,,,,,,,,,,,,
Azerbaijan,,,,,,,,,,,,,,,,,,,,,,,,,,,,,,,,,,0.894888593148387,3.40703214271227,10.5625157078636,14.0729845641778,12.8517005127521,15.9391294129898,23.7699759590054,27.7569565210457,24.6044197567265,25.3018796647382,25.0757653001803,23.1379299178129,16.7332440404602,13.6157740842775,12.5901278976753,10.3984121402377,11.2570164401185,14.8784547440019,
Bahamas,,,,,,,,,,,,,,,,,,,,,,,,,,,,,,,,,,,,,,,,,,,,,,,,,,,,
Bahrain,,,,,,,,,,,,,,,,,,,,,,,,,,,,,,,,,,,,,,,,,,,,,,,,,,,,
Bangladesh,,,,,,,,,,,,,,6.15482634756817,10.0843749267029,8.66789007546507,19.7985444925189,24.3135383109994,21.2744525849836,19.073279043433,21.5929233816073,20.9368212617129,26.8359207796017,30.2582518081476,27.4288278762296,29.6940169026697,36.6524939749748,39.9752895113821,39.1185308443152,38.9288586568475,39.9432645996026,41.0833719127578,41.3177314387764,41.4344103261606,44.4560510158881,40.2229131443146,36.2027897421142,32.6180752952293,34.0545706986578,34.6559633249402,31.7962820368341,30.5698367095714,33.3007134520995,33.4359633463151,32.8943023447619,29.0133145636301,30.3778672817752,28.9680641276598,26.4179073098334,24.4156528646941,22.8097898699971,
Barbados,,,,,,,,,,,,,,,,,,,,,,,,,,,,,,,,,,,,,,,,,,,,,,,,,,,,
Belarus,,,,,,,,,,,,,,,,,,,,,,,,,,,,,,,,,,5.95127456326959,8.70047944413144,12.1694735079825,13.3081679366983,14.8354943665392,15.7857285578402,18.702052195659,16.8625816593466,18.9806012399995,19.8940221491876,18.10454315628,17.3907573065855,15.6499556153872,14.3838219986245,22.7038472295132,20.0599501612394,35.3285603004505,46.7837421730745,
Belgium,,,,,,,,,,,,,,,,,,,,,,,,,,,,,,,,,,,,,,,,,,,,,,,,,,,,
Belize,,,,,,,,,,,7.93249979615212,7.61880079007506,8.03168328799824,6.50114047684945,5.70793683619439,4.56233405942394,10.3547012030535,18.4471218206158,25.6471042471042,48.9617747440273,32.6530082987552,31.4931937172775,39.9982793232005,54.808174386921,48.9578373015873,59.2438534872052,54.5078299776286,50.9018400980866,43.2169934640523,39.1247700727116,35.134278306827,37.2814641323863,36.1012034199815,36.0310254307611,35.5420647117334,42.6235311914997,45.595153133114,71.342104999632,51.0873111992531,57.2570998935942,79.3213070148146,89.8671786901821,100.123246187206,118.620572665185,102.909081699852,102.04326947075,96.1533131435519,94.8251413265402,87.1797719964922,86.6361650485437,80.2597312859885,
Benin,,,,,,,,,,,13.1101330476006,15.4760163403568,11.5983696770687,17.924363110681,19.5192637216986,17.6459756423309,20.2224748808476,28.3209557866899,30.5525521657075,38.2180938113413,33.8656761853172,42.1782427313772,60.09847467428,73.7904548065494,74.6531986757566,88.1353642501302,79.2759836574363,81.1384307078761,73.3470627847565,73.0958675789,61.9972323893556,62.7330762528277,75.9502124878554,61.4873572879093,94.5538300197009,71.0703770589976,63.7191376871665,66.3562989751905,61.7759684358812,62.2146510326237,61.8822390963035,62.0177432969205,57.3758483545846,41.8716801642914,39.8876057452457,36.1070214931232,13.8577070119234,14.0791333644338,13.7408887990762,16.2363462603482,18.4121949821314,
Bermuda,,,,,,,,,,,,,,,,,,,,,,,,,,,,,,,,,,,,,,,,,,,,,,,,,,,,
Bhutan,,,,,,,,,,,,,,,,,,,,,,0.280442750045508,0.945826150261924,1.36928658694521,1.99710755714445,6.27186367754416,12.202714809314,18.413497263038,27.2465619295805,25.4328084082504,28.0642868627575,34.5302540931281,37.3187405052449,40.8611559656588,37.8730755693783,36.2761996042265,35.7503531225875,32.0882288710878,47.8176194048717,49.0312892438621,48.6720403769673,58.2374549877572,75.0783031085755,82.3584065987484,86.4573042278229,80.4832100196622,79.2640127921249,66.5933671643774,55.6691545198657,61.152561453564,63.2682231225141,
Bolivia,,,,,,,,,,,55.635230834698,56.3867936965411,58.1241646452261,60.5097034977318,40.4017680760529,40.2991110245843,45.1336241962,51.8134806507953,55.6859750962858,56.5292214510761,59.5015229045886,51.1043352113709,63.8539229112774,77.5563185078048,75.2055315564102,97.095084599413,152.759093114625,143.579007425145,113.080965448748,92.5134439588133,92.4021166120988,79.6205155135356,77.646501659864,77.8815620254673,84.1746131396429,81.1853381805824,71.795324691528,67.7270342025002,67.3518056761586,68.5887215284602,70.7897780693143,59.168928112039,65.0019303545632,74.5622585033641,74.1663048418946,75.3074265258302,52.4485145783255,39.5238417441872,34.2521365761143,34.4591361349434,27.8272153045089,
Bosnia and Herzegovina,,,,,,,,,,,,,,,,,,,,,,,,,,,,,,,,,,,,,,,,43.8992013910942,45.491996641755,42.2835527005573,43.8591982263295,50.0794761049714,53.1993199839433,55.4716149112992,56.951053558086,56.1153544414798,43.4011030710636,54.5935904887051,48.8383151404367,
Botswana,,,,,,,,,,,17.2334973122397,25.449772457064,45.2315476959696,47.0112966197024,43.2943248349289,37.4509885195031,43.864414160607,39.8633031280086,21.610229899086,15.8025749522615,13.1897704127167,14.1216403213899,19.4697904730529,20.2785663856674,23.3463622617951,35.1595524994523,32.2145726717606,31.5628922523448,22.9839273872873,19.3276792885737,15.0018748484344,15.2951897873774,14.2391688739374,14.9061235666194,17.018423385946,15.1257429644471,13.7788082755586,11.4151927834288,10.0218437379608,8.99649741162385,8.57454181065142,6.78188782220231,9.06013986275357,6.97092267545955,5.61140845462775,4.75068337312355,3.64578120499935,3.54942198175903,3.37804246168775,14.0468783468466,11.5673695186253,
Brazil,,,,,,,,,,,13.7423027456611,15.2854406982579,19.8329386637829,18.7165677285589,21.1261282168887,22.3997144610795,22.1749326726733,24.2650364786677,27.8294353770214,28.0129125888851,31.4680864292792,32.2388831646418,35.1504691050785,51.4633763906802,52.682869576025,49.0894006297333,42.5623648698572,42.3537690454466,37.017083630321,25.4970007290824,26.6264333231481,30.3358647905928,33.6695515261644,33.6901549810902,28.3728146387287,21.1732875973621,21.9075140076326,23.2106263105246,29.2507261581652,42.9714978169515,38.5389135366683,42.8717243851944,47.4851362142082,43.9633361736278,34.1406144524375,21.884614814449,18.2165203001428,17.7602126407625,16.2472775637869,17.7232255750526,16.9326011437862,
Brunei,,,,,,,,,,,,,,,,,,,,,,,,,,,,,,,,,,,,,,,,,,,,,,,,,,,,
Bulgaria,,,,,,,,,,,,,,,,,,,,,,3.89157888975455,6.68377851589846,10.3007422971385,14.8732753978703,22.0115605381992,29.141081977483,29.4031536996863,39.6218703238759,48.0043049595083,57.0656144666262,119.41602171919,116.043720346965,114.459265272565,103.324727655851,82.1298804400353,122.067017085321,114.470058122096,89.2587891288559,84.4840298702639,89.1265609043965,75.5513048377115,70.3246150017924,63.5446784089236,61.2241342810486,54.1768949897758,64.8665141487534,84.795832312611,98.6726347837216,114.070206370623,104.810138114059,
Burkina Faso,,,,,,,,,,,4.5560837676323,4.92896733472085,3.47025368772643,4.60177979758289,6.31820419276977,6.73941149877012,8.82257633313097,14.7864173909635,17.9372140408725,16.9629491314482,17.1692397762265,18.5815852952101,20.1725211082738,25.0107993404364,28.1777909921786,33.1467449881465,31.4938191002932,35.0438169979392,32.4686065851791,27.5435521228942,26.8920732659912,30.8561278411752,46.4225280031592,48.0750688543227,60.1427092223221,53.624763435843,50.0586995644576,53.2134539458009,52.0542304067775,52.6067689399721,54.5732191994138,53.1891730415026,46.8611844788213,40.5103787048847,38.9951998610276,36.8570217862317,19.5042665839414,21.4695328127318,21.0520120472973,22.7166759757471,23.3065773798168,
Burundi,,,,,,,,,,,6.36253904105929,5.59058772785237,2.92897160417708,2.62853328717444,2.80664803730906,4.69998675778134,5.11586242381485,8.79061282235846,12.5351322015185,17.633242843147,17.9776093496876,18.4871517091953,22.6176464088398,28.6630304727795,35.7251275386604,40.2170685046052,48.2973712363917,69.7682968310918,75.5749161915775,81.077501873275,81.1786119942654,83.3340862797459,95.998083409919,114.731770434674,123.395046543243,117.604606768739,132.249828828883,111.303847766944,126.693279134675,142.440997408884,153.17633313425,165.591390403447,197.539025671349,230.130628070466,215.095476552158,170.294868913188,155.138766428781,149.473939729943,123.493093422834,38.5083780475951,33.8003738582329,
Cambodia,,,,,,,,,,,,,,,,,,,,,,,,,,,,5.09739126476444,3.02280152521758,156.09889730034,165.515764351235,113.414476492243,92.4468016531747,,,67.5511844032677,68.7934782161481,70.0066445796181,80.3820189990791,73.582088545974,74.3624970285417,70.1733432644424,70.8008566544906,71.2583199860915,67.1207127671923,58.5329742758893,50.6053357817509,45.5155985493268,42.8747901347889,43.8084485139053,43.3833031155233,
Cameroon,,,,,,,,,,,14.2395180502886,16.1295917744524,16.849100685066,17.5978664064656,16.4967552302813,18.0317767736559,22.4689826885827,42.7064490178057,37.9175808313361,39.67038605147,45.7961134973032,38.5139171470706,40.7663742753286,41.6554318594229,38.4628911758923,40.0496283124145,39.4639450333159,37.7858965069054,38.6622719430336,49.1150076843383,61.4830374520356,58.0673922136192,69.93697124644,59.9543627135074,106.789456134938,133.446443094098,120.800835847913,115.45176842286,121.287919157864,105.419792336556,109.073874429357,103.724827197775,96.5415232200346,83.1523881352393,66.9869350265317,45.1024447222185,18.3151268714685,14.5759607977099,11.7722336611334,13.3534985529095,13.4550115489323,
Canada,,,,,,,,,,,,,,,,,,,,,,,,,,,,,,,,,,,,,,,,,,,,,,,,,,,,
Cape Verde,,,,,,,,,,,,,,,,,,,,,,,,,,,54.0379385592414,50.3477156006949,42.6722052903598,42.4317183350998,39.2884610606482,38.1661095379911,35.9550880696307,41.0473871804449,43.1949532506004,44.120970927489,40.9053423575751,41.4445398506867,46.2099228848175,56.9824593933447,61.3291542645499,63.4892446552418,64.021603523632,56.3999638348002,51.0732494025426,49.3532142952095,49.2267570599122,44.5909161797872,41.5831182938762,45.7911959620318,54.3005897001992,
Cayman Islands,,,,,,,,,,,,,,,,,,,,,,,,,,,,,,,,,,,,,,,,,,,,,,,,,,,,
Central African Rep.,,,,,,,,,,,12.9489668058688,14.3760878835176,16.1570423064108,20.9467159891883,24.5800799495296,21.012214865749,20.9956168350651,26.0469316466681,23.2699297308673,22.6965076712161,24.3444476583807,33.4459419449321,34.2044730791463,39.800607649336,41.9672126234025,40.0588352113825,41.6932000557415,52.0214509045752,53.2764768265907,55.7936234207324,47.6772844621498,57.2089234088851,57.391908744515,68.3624174938993,106.711540975095,85.9271621811613,88.9181704696972,89.4146801337229,89.3383753598692,87.3671498797649,90.8306569257771,85.8297107929548,103.846667594799,92.5428332734727,85.0821907419127,75.6376516983532,68.5411572264778,56.9369670580517,48.6558315854214,19.9581773405556,19.1546600058297,
Chad,,,,,,,,,,,7.48469264376964,9.3724338922562,6.21104606071092,7.36605924721342,11.5812485828733,16.3984665822547,17.8307324763368,21.9505509883792,25.0887366627251,30.7801532097212,27.3814880380893,29.3110579295119,26.1290211323167,26.0520879955933,21.0570839181578,20.9048704242367,24.6902671749827,30.0019831224347,26.7680723524266,27.9915888900651,29.8806808629113,32.8896684512764,34.047105314855,47.6896830624045,68.0635063643294,58.4298471522769,59.265026718872,62.6181586451519,59.0591409770872,71.4067602075478,79.5835834248783,64.3670197735011,65.6408028703261,67.0148172651601,44.0694559209498,37.0337514150106,34.9076584753459,30.8917061786048,26.1702518389287,28.5107365944787,25.7407279756251,
Channel Islands,,,,,,,,,,,,,,,,,,,,,,,,,,,,,,,,,,,,,,,,,,,,,,,,,,,,
Chile,,,,,,,,,,,34.9732439331574,29.6484524995296,31.8459363699536,24.3391348967692,34.3229121225241,79.5639675839431,58.9563125416851,42.8146427651129,49.5150520017841,46.7310126388876,45.515716466801,50.4493275152449,77.6311939307446,99.7382274985401,115.01980707736,141.528507060559,133.955752599802,112.216847617597,86.4044915778658,68.3222893372498,64.5179267551754,52.0746379846248,44.9708402808486,43.4771492102285,42.1191704952718,32.1086396802533,37.4809225343073,33.7315572038391,43.4867008590209,49.1666676390431,51.4827428728084,58.4290414002762,63.9149199631338,61.5200239937294,49.8312386254073,42.1616733147394,39.1011084954094,38.5815772137808,41.5200076528008,48.9871381753484,45.9225299584226,
China,,,,,,,,,,,,,,,,,,,,,,2.98860162558475,4.10597820430032,4.18502407573042,4.66544377661363,5.42944815166471,7.9646127424599,13.0810922910193,13.7182354067457,13.0540709218507,15.4476709743982,15.8448078975573,17.1260946649623,19.5638424096342,17.9969377167381,16.4876171659717,15.2690609451591,15.5787353689527,14.3577822252762,13.9151789103165,12.277211044152,14.0745277906039,12.8484657391282,12.6250867555949,12.7348067442239,12.4785073667001,11.8309545290565,10.599725071253,8.34126966867912,8.58463912307625,9.28751517917525,
Colombia,,,,,,,,,,,31.9763664284975,32.9664801642716,33.4289086954227,31.4490209507482,27.5137544294839,29.4223260050058,26.3138483262604,26.355451312096,22.2599512421875,21.2166025581278,20.9137380210575,24.2444941898593,27.2819430210461,30.5588408729076,32.7852116624435,42.9413953088379,45.7581561470328,49.0875157639554,45.211729571111,45.0047417361919,45.0919209213572,43.6484343746922,36.5945150163916,35.1138166644466,27.3363765901684,27.543044620485,30.3821851713575,30.6240900266366,34.2193828242072,40.6584687393689,34.612316285136,37.6949382105237,34.7995597854575,40.4290967599578,33.5830231400084,26.7482415721871,24.2538292375518,21.9132670686437,19.8147044189816,23.026858383074,22.8416276853359,
Comoros,,,,,,,,,,,4.74697233246961,4.2432516638599,4.451425205177,3.99093012833332,7.21554893853967,7.90849924740011,35.7977000478159,43.7499871033329,40.1525378234798,43.4078295831972,35.426114901228,47.8930385843291,64.0392801346949,77.2868188466431,98.0625741710984,118.441324359229,103.477260977232,104.03734569479,97.4517575672371,88.5044469811051,75.306469461713,74.0638882192096,70.6136430402059,71.6851664076223,108.836495696359,90.66832532084,96.3000119174135,105.668402288888,106.603358558511,102.686417332454,111.775515139753,108.286115423905,105.745258257369,87.4676357683827,81.5754613004097,72.2343765966184,69.9591078464722,61.4077437619175,52.6739099421455,51.9191046017947,90.0834089423826,
"Congo, Dem. Rep.",,,,,,,,,,,7.03893554569691,7.2446413678335,10.8768483566214,13.2375016412808,15.997203580908,19.9589100982125,30.6696610291478,30.3547738271215,29.3583350830241,30.3132920561981,33.8453203189196,41.7624518217814,38.4002733583378,49.9051359955938,69.2256631083392,90.6422523633405,90.020249325305,125.096527525564,105.555618467537,110.493725126816,119.571412987396,130.107876567332,146.261764838189,111.959754012876,240.159827380623,271.42978862589,237.659020501301,217.018471109146,226.585446309242,279.066689228071,298.444418528471,269.147437607408,191.620237098125,205.177680569347,182.184827820746,156.820559453415,138.072561970936,128.524331921066,118.118840740421,117.753361312723,47.0825861661028,
"Congo, Rep.",,,,,,,,,,,44.5187092812869,44.7090242244243,39.1903619977237,36.2481062697321,45.7406349197183,48.4093620313025,53.1582030430471,79.5548903396881,94.7262723823337,94.4641090592847,97.6398304836007,75.9893807110434,93.8173959800443,102.335633366313,97.2143025657303,147.290822550192,184.629706368617,181.965646086805,211.091564880329,207.760918822903,210.976758241189,209.377195126147,184.269520614144,302.120381808732,350.034698045509,479.29757270429,351.602589875297,297.927683995874,337.791038780251,299.105333511058,210.179767188926,225.23597714808,230.092470825012,210.270644903661,207.839846420624,152.141484801684,128.491571432226,98.2621701349838,67.9671269251635,71.2793597997043,43.8631787885151,
Costa Rica,,,,,,,,,,,29.6233297928961,31.0827580649181,32.9945540193756,31.4879857151355,36.5264768000045,42.1885153146867,42.1340010834717,44.0085562490391,49.4030202176694,54.4261516897895,59.4560473354231,141.25062440415,165.478503811386,114.814536665716,92.9706205175048,97.2794661371924,87.7676429544055,84.9835071196854,78.8747869033457,70.766471724069,52.2740639205925,57.3220525175965,46.7809440785164,40.8109428093672,37.1949466492565,32.7518946534833,29.5248405778006,27.2044751634652,28.6160990854849,29.669617622224,31.5414736698508,30.7211548178163,30.8954698948424,33.358495261127,32.0805680319926,33.8414340397753,32.1086549550308,33.0042397009504,31.7805775530319,27.7352495253401,26.8127046076127,
Cote d'Ivoire,,,,,,,,,,,26.4367010093479,34.1189661143354,32.4259075308704,35.859456436295,35.8276049635053,39.0255110283104,40.5875887543351,42.3785935137312,50.5248875730072,54.9617671809926,77.0945818448175,102.913981071392,127.540551521175,144.038321954206,134.590556824845,153.423048816349,135.20776712027,147.633633025338,143.426690882305,177.015221768578,187.322518028694,199.242892033235,189.109573533324,197.044630850296,230.720640670967,188.746845854239,173.955684769338,141.861177921447,123.550774176843,112.155887814493,124.9403078327,116.888629172138,109.002124060242,93.5330873754615,89.4089995522689,76.1526802954742,76.9428124763344,73.3112955692019,56.0220874500299,53.0018080685909,52.6010594067619,
Croatia,,,,,,,,,,,,,,,,,,,,,,,,,,,,,,,,,,,,,,,,,,,,,,,,,,,,
Cuba,,,,,,,,,,,,,,,,,,,,,,,,,,,,,,,,,,,,,,,,,,,,,,,,,,,,
Cyprus,,,,,,,,,,,,,,,,,,,,,,,,,,,,,,,,,,,,,,,,,,,,,,,,,,,,
Czech Rep.,,,,,,,,,,,,,,,,,,,,,,,,,,,,,,,,,,,,,,,,,,,,,,,,,,,,
Denmark,,,,,,,,,,,,,,,,,,,,,,,,,,,,,,,,,,,,,,,,,,,,,,,,,,,,
Djibouti,,,,,,,,,,,,,,,,,,,,,,,,,,,,,,,,42.4190663670675,44.1689263389225,47.5375746270264,50.6868889886898,52.8972179916723,56.4253001714311,51.0151041402631,53.1585747703193,48.8117443897465,45.5125317079367,44.3026625495466,54.0794988611499,57.9869390542363,57.4249788740766,52.385813410137,54.9493314950149,72.1539866177284,65.1272894009821,67.4306277794802,,
Dominica,,,,,,,,,,,,,,,,,,,,,,21.6341738027461,28.400656642644,42.9746654385427,53.2268180881708,58.1805356511271,52.3481531556,58.950302704821,52.5086051338364,53.0244538930708,54.5000603387272,55.3404817710365,51.8080269453315,49.6701491693874,48.0162542204388,49.0408559395756,52.7849862913872,45.76592318021,46.444407003046,47.7001522347659,71.0995555616428,89.01097234732,100.351691016603,121.326775713093,120.880779793326,101.281726618705,84.2385897483277,89.0421404377131,85.1565209197135,71.243375131262,73.1669817073171,
Dominican Rep.,,,,,,,,,,,24.381383579184,24.254040271508,21.7253583573867,20.0229276620587,19.777942244753,18.712521752883,20.6174690542567,24.9433830730586,28.0223612817426,28.9271855805304,31.1764038622607,32.8845850049681,32.6933540751909,35.1909317364523,31.2022516477624,74.1148191336523,62.7378429956558,70.9687236380469,78.5656553593572,63.3641211908645,64.6873907296647,47.9547874674701,42.5269363552477,39.5760691394895,30.9114930409473,28.5287027479576,24.8801733405116,22.5164260217603,21.7145775289249,22.5986858968676,19.7822718655429,21.6050618094207,24.6848816570087,33.5923922064893,35.2463593415147,22.029059916313,25.0818467177711,25.8496485530542,23.1649758806126,24.6395742857952,26.2008258282435,
Ecuador,,,,,,,,,,,22.1386408000389,24.6872070598311,25.992466752138,21.1270906534315,17.098453442379,19.7731330152072,19.9075598614773,35.0166869066911,52.4958563394412,48.9216299958358,52.2569876387676,57.2738344012597,62.0871811895409,72.3484283579119,78.908132481855,80.7225111183365,100.268140937169,129.849321133411,134.455015508236,135.672573285313,132.38659893038,121.780136020461,110.428599524037,99.0050121496848,84.8054660145616,71.9711152227278,70.7309773729716,67.3588761751445,69.8203190417481,104.030778535067,91.2183938469981,70.3442927903139,68.2929685514483,61.1039801292843,56.7639234798603,49.1290330677168,43.4433693009011,40.6856532948357,32.7364269991693,25.1918818826916,23.0781266307861,
Egypt,,,,,,,,,,,23.648102032302,25.0112044882655,22.4534213549917,20.9805186159597,24.836482115746,43.1964883130688,48.8331911421902,82.5665341325514,90.6316159434739,87.2656492400364,89.1760005811884,101.551174659632,114.762910895021,115.055242536512,112.608925259657,114.990348221265,124.326160636234,110.343973543308,132.395930570947,116.658415896719,78.5051455854198,89.1204821249866,75.0514454071182,66.6236883563991,62.7687484964852,55.514405148095,46.2277433658014,37.7189573323656,37.5281382996055,33.67464972878,28.7882086265553,28.4880614135531,33.4693575095797,36.6842357749696,39.4691387047974,33.7512080137031,28.2889256725091,25.8245273423597,20.3224518616642,17.6103416230144,16.2406221894392,
El Salvador,,,,,,,,,,,16.2461273653541,17.5314763123125,20.1411617284599,17.1318992595917,22.0914467148591,22.3574132601831,20.7709328004671,24.8234023763874,29.5878304911769,25.8952438286292,26.1038475822912,33.8621596347623,43.9819524852942,51.6870805895078,51.9028075962979,50.2433368158454,50.9553216233846,51.7741873756497,49.0953332956205,48.9305863777318,45.6463511958266,42.1856064938953,38.7186421280433,28.2018745185962,26.2742332983921,26.6781191094561,27.5623978742468,28.7730122574281,27.5878989893515,30.2787138536221,34.6759214036633,38.985124511325,40.808371414473,55.0173486692743,55.5195822794712,56.1805001394666,56.103803517136,49.5264763366952,49.1455115248391,49.4310725312795,53.1774463853374,
Equatorial Guinea,,,,,,,,,,,,,,,,,,,,,,,,,,,,,,,,,,,,,,,,,,,,,,,,,,,,
Eritrea,,,,,,,,,,,,,,,,,,,,,,,,,,,,,,,,,,,5.46298900755456,6.26556587914463,6.4573750806489,11.0424190492066,19.4889838802617,36.3382672701265,47.3042918961609,57.7532580195539,73.2235718449632,70.6006991998909,64.5213492726028,66.5332771575998,65.2755501977947,65.5639045466499,70.2617857911004,55.39199975602,48.1528818430956,
Estonia,,,,,,,,,,,,,,,,,,,,,,,,,,,,,,,,,,,,,,,,,,,,,,,,,,,,
Ethiopia,,,,,,,,,,,,,,,,,,,,,,25.3622501910468,42.924774984862,45.2941138460615,52.676807211391,55.5942203236417,63.0670036423061,70.9409294970234,71.7095470687053,69.4782969567392,71.9498858235183,68.7357431751328,66.7697126721669,112.11804798606,148.294592347293,136.802601676487,119.57917627396,114.744624266765,129.454504284494,71.4727350542527,67.6755811974686,70.6860419218714,84.4441733828035,85.8690378862911,66.690429262189,50.5924937101491,15.0531472808492,13.3908082639633,10.7981037620946,15.7563905817784,24.1253608860415,
Faeroe Islands,,,,,,,,,,,,,,,,,,,,,,,,,,,,,,,,,,,,,,,,,,,,,,,,,,,,
Fiji,,,,,,,,,,,5.54262080610022,6.27785113974232,6.78294105513685,11.2332840023672,9.79733480529558,8.87257380409477,9.35334857394591,16.9816862259705,12.5271091091039,14.0774702118881,18.2591848860146,22.5656358582482,26.1186020526126,30.3634105552387,27.3576755019858,29.6855189935447,26.4929676733245,31.2547051352117,33.8820382762089,26.833864365653,23.9140884170289,20.2902253390471,16.9052575546675,15.1831789080766,10.9822737265837,9.23045876569577,7.65304845360825,7.48822731222634,8.54988515025776,10.2061672003462,10.0500704727765,9.68522194877964,9.11135206645099,7.93249549738859,9.0159243707256,6.08910186611324,11.8770210992827,11.1740460512726,10.7396692941121,15.2577884949685,15.1576413818436,
Finland,,,,,,,,,,,,,,,,,,,,,,,,,,,,,,,,,,,,,,,,,,,,,,,,,,,,
France,,,,,,,,,,,,,,,,,,,,,,,,,,,,,,,,,,,,,,,,,,,,,,,,,,,,
French Polynesia,,,,,,,,,,,,,,,,,,,,,,,,,,,,,,,,,,,,,,,,,,,,,,,,,,,,
Gabon,,,,,,,,,,,33.9584743885129,40.9468635742409,57.1747372359329,59.5011451786918,37.2064704072663,44.0337801117318,43.6083383382614,55.544745482389,69.9486774262295,64.5458877717104,39.2674867681355,32.1299787869638,30.2787320994475,29.5481852402746,27.5494245957622,38.953338427144,61.5623081587853,86.1806100403761,79.9851614211997,84.7806586364718,74.6365404220525,87.0851718045528,79.1464655994284,103.093596598973,112.964884433537,101.56868819805,87.4321197398961,92.8385205208911,111.592084790797,97.3281854048912,90.9689051913362,83.7287946500066,78.8190750785642,70.1827499032692,67.8282280522007,50.3036318232004,51.1499274796954,28.2192791686216,17.1341973277147,21.5758364361077,20.3296015756429,
Gambia,,,,,,,,,,,9.70613251677781,10.0631996437552,12.7938585452565,11.9882177755336,12.9101290613832,11.6878346548209,13.6242636853771,27.2072551602964,29.0959401391567,39.7249691873218,57.7256980402829,81.8450211971458,98.8153992162364,106.055242733305,129.091957569263,112.487194353134,172.282421365224,144.169209188898,119.587072807538,126.38962722113,126.656024108209,126.440445051223,117.877321248469,117.745162841645,118.202826301131,112.97406893497,117.247514793774,105.826411931994,115.877819645764,113.116804683441,120.743198039755,123.608449030135,166.030521831677,189.290832411658,183.903952234732,157.909184454452,154.478029262216,115.964961952146,47.0450543960826,66.5745240440072,63.2858941065426,
Georgia,,,,,,,,,,,,,,,,,,,,,,,,,,,,,,,,,2.16322685859112,21.0496459693174,58.7245619746538,48.1849623577053,45.0201551775915,40.2903723435001,43.3129916423182,56.1393039661869,51.5927633737133,53.1545418848096,53.9615467669012,48.3082932626479,39.662476885967,29.4863564035147,29.0418895696497,25.5636732714423,58.1529304552282,77.4448009946532,80.4360994858906,
Germany,,,,,,,,,,,,,,,,,,,,,,,,,,,,,,,,,,,,,,,,,,,,,,,,,,,,
Ghana,,,,,,,,,,,26.3359906500203,22.896273474074,28.8194176820252,30.8748751749856,26.3792407942217,26.3633298242826,25.9644434871653,33.5617432044687,34.9924998903308,32.0128015119022,31.6682497522429,36.5561301769143,36.870738716071,41.4293807681161,44.8942606188503,50.6962599403886,49.0354461565565,66.5303355977435,60.3569455991218,64.2043793892254,64.6792881201347,64.164362656702,67.2090034284411,78.162790317637,95.7139753421684,86.8827983608227,85.3389007904294,84.62181936204,86.1868914239098,85.0754584076921,126.605175112359,121.946058953042,115.445246942213,101.467982144403,81.4337438890519,64.0240888829603,16.3867140075744,19.8206033257239,19.0385020667195,24.4706758059248,27.1913256734947,
Gibraltar,,,,,,,,,,,,,,,,,,,,,,,,,,,,,,,,,,,,,,,,,,,,,,,,,,,,
Greece,,,,,,,,,,,,,,,,,,,,,,,,,,,,,,,,,,,,,,,,,,,,,,,,,,,,
Greenland,,,,,,,,,,,,,,,,,,,,,,,,,,,,,,,,,,,,,,,,,,,,,,,,,,,,
Grenada,,,,,,,,,,,,,,,,,,23.4789937590799,25.4906928888178,26.0256620474405,,,,,,,44.8961879124082,47.9388127262391,49.3998478967953,43.6631788771792,53.0237958679337,52.3517773171852,47.3527177459855,61.4186165491913,50.9938092512572,48.3179102582825,49.9524501737312,40.1671822763351,53.9322994223425,38.4273147635018,50.8863486861513,62.9038492178878,93.9367173500701,87.5965010334506,106.875703578366,77.2324260244902,93.1934511564674,94.6926983052347,87.5456862858157,96.6430085183035,98.7396017438042,
Guam,,,,,,,,,,,,,,,,,,,,,,,,,,,,,,,,,,,,,,,,,,,,,,,,,,,,
Guatemala,,,,,,,,,,,8.53676736325068,9.17170224586673,9.03517064217807,8.71477793499834,8.28916036478542,9.00399476644138,8.85016089676837,12.0531587342263,13.5629270437664,15.2109566780104,15.0619250686021,15.0006216745761,18.0802614298518,20.406797968339,25.6627292329153,28.0230203171299,40.0270234786462,40.4179083408962,34.019961945733,31.6091183938689,37.9660200168772,30.1612776902094,26.7453114251017,25.5620233980058,24.1896119753753,22.6352789618492,21.5073173911933,19.6272374867157,18.9092934726734,20.8708001592114,20.2113447035777,23.0754318762424,21.6719306090849,23.5378829942195,41.2495084554432,41.088192513508,41.6496890613954,43.7915496521263,38.6692185957676,37.6400287532605,35.8580934073417,
Guinea,,,,,,,,,,,,,,,,,,,,,,,,,,,99.6139310005162,108.050011963474,100.492843511283,96.266111869312,98.4339705453066,92.1213298674925,84.3266536650738,89.228885764622,94.0170455996596,90.0044874470289,85.9180382944351,96.1204929183926,102.617724332387,94.3926221054784,101.043272681636,104.639771569396,102.683446864729,99.3296556751877,92.4931989441572,109.028899783473,122.058589621734,82.2921430252807,93.1666283386445,78.9639666280318,69.0895618099484,
Guinea-Bissau,,,,,,,,,,,0,0,0,0,0,7.09280169930111,15.4014856532289,23.6749951927479,44.2964547879286,59.492689278971,131.092838034798,97.626547393424,104.312541767843,121.848917858349,183.531361503416,200.209675281478,288.209430092491,291.41494061312,366.53872096033,296.499854362907,297.661224598353,311.284591790996,357.886475077227,355.086574256815,383.622127231589,379.362203195051,371.61357175105,362.845385997916,504.476661035338,446.696344629869,466.500560262771,492.575836858511,499.625411720149,229.276411214479,215.560817138435,180.602515983499,182.048981170136,158.787741617476,130.276594711063,135.551316511124,124.779831433041,
Guyana,,,,,,,,,,,33.5437031028189,59.2758947169097,57.5933402315261,61.0876958805158,53.663575274017,67.0141578334991,97.5376668103834,122.817017560147,125.471694775917,135.795643467511,148.69778366596,179.154511716949,237.616427603054,296.879174741646,358.825369479157,395.063996204136,397.913427248437,671.213139035653,592.270122875184,646.507085144416,712.457097201787,824.538898395286,678.856626642594,525.627631550946,425.650851411526,373.05855525284,246.790759377438,236.01231702465,228.272815579206,221.383643918368,206.562268444154,205.550956672416,205.589561346772,207.24103456956,201.658174604752,151.156020384364,75.9578700266795,36.2803216786465,36.8138391624977,44.5901073109089,52.8452739417586,
Haiti,,,,,,,,,,,,,,,,,,,,,,,,,,,,,,,,,,,,,,,,,,,,,35.0774753060173,31.3869187468448,35.5209568747732,25.7934685186271,30.3448029655856,20.4145601820671,7.30637225899334,
Honduras,,,,,,,,,,,15.7861222158766,19.7929228591649,21.3061259597628,22.432178189687,27.6571988246817,34.7788127853881,28.2841099303744,47.0925345248117,50.4508922822412,55.1646875216725,60.6354120072748,63.5030912476722,68.0102168290937,72.4659633113836,72.2169668246446,78.5216868062663,82.1300751889131,84.2310997742088,87.7450278645656,99.6554270681468,132.937068402531,121.136714094616,125.807282997509,132.758218758359,145.514977691725,132.945108928718,125.758853302548,109.723429464795,100.934673776683,102.959841752032,77.7255983023523,68.7688441575369,71.4731381678141,69.6799924310246,72.0354226783381,56.1856760407519,40.5055875693865,27.5596775490871,25.8788360293844,26.5703997040025,28.1573725856305,
"Hong Kong, China",,,,,,,,,,,,,,,,,,,,,,,,,,,,,,,,,,,,,,,,,,,,,,,,,,,,
Hungary,,,,,,,,,,,,,,,,,,,,,,,,,,,,,,,,,,,,,,,,,,,,,,,,,,,,
Iceland,,,,,,,,,,,,,,,,,,,,,,,,,,,,,,,,,,,,,,,,,,,,,,,,,,,,
India,,,,,,,,,,,13.853000985837,14.1604437299318,14.1786891681556,12.9270882713341,12.9038045733154,14.3461266194055,14.4766923305309,12.9569945801507,12.3587040413254,12.2174060165729,11.4457074698967,12.1745298488337,14.1163720816069,14.8885703919365,16.302918860041,17.7601226337312,19.2188425080077,20.5054896023387,21.2583743397812,26.2341270948163,27.3450172647973,32.9772845775674,37.0880560204711,34.1881613362558,31.1919458866698,27.0173957016996,24.6739041435401,23.247368150615,23.9339736471241,22.1805346308605,22.0214371944714,20.8265398352306,20.8074171690151,19.7941964910094,17.106854618235,14.5171531383707,16.7907667923942,16.4007133470965,18.7294548341337,18.2126919163842,16.9006373010082,
Indonesia,,,,,,,,,,,46.69145215162,50.5488134230252,51.1639165556504,43.0919008151665,34.3846907256907,36.6938312194914,36.0640416799464,34.6110992334403,33.8868742889666,35.3122629748661,27.9892234419825,25.4522042123778,27.8870833933775,36.9207183617986,38.8184968954679,44.3538838957218,56.4630189384509,73.050280117147,63.8317880834496,61.283690863859,63.9586985699107,71.6207400889794,72.1755422851324,58.6522127469811,62.6253124859544,63.4028480743181,58.2930166714127,65.0890399489777,168.17779859358,117.104733985292,95.3607332069767,92.0752801618275,74.133739408464,59.1035928058211,55.954308518694,49.3999105091012,35.9110060449188,32.3041569410952,29.9986818182045,31.2892381667734,26.0784949789626,
Iran,,,,,,,,,,,,0,0,0,0,0,0,0,0,0,4.97816275039978,3.95603643052324,6.77665084714644,4.82974015300458,3.37346330245091,3.55927996596233,2.93730328148758,4.81777306664835,5.01982873774821,5.71870059420617,7.78152036323614,,,39.6640050751379,33.7183651892676,23.9153614800505,14.9905647767234,11.0718444050152,11.8845141221767,8.94080947024106,7.61511921652582,6.32944576297688,7.60289311959155,12.1864102130042,13.0596363966072,11.6069740715003,8.84073417545583,7.44652623732557,4.16166619356073,4.0973610940825,,
Iraq,,,,,,,,,,,,,,,,,,,,,,,,,,,,,,,,,,,,,,,,,,,,,,,,,,,,
Ireland,,,,,,,,,,,,,,,,,,,,,,,,,,,,,,,,,,,,,,,,,,,,,,,,,,,,
Isle of Man,,,,,,,,,,,,,,,,,,,,,,,,,,,,,,,,,,,,,,,,,,,,,,,,,,,,
Israel,,,,,,,,,,,,,,,,,,,,,,,,,,,,,,,,,,,,,,,,,,,,,,,,,,,,
Italy,,,,,,,,,,,,,,,,,,,,,,,,,,,,,,,,,,,,,,,,,,,,,,,,,,,,
Jamaica,,,,,,,,,,,73.0811566699212,69.8354669473961,56.5107607243639,64.304663195029,59.0151504700292,56.0056450189894,50.1596418771457,53.4218330889121,56.0947809717111,76.7381455734197,78.0509053824447,82.6644073250196,92.1709997620842,104.491409993642,172.752768092158,225.357044798329,171.273520125854,161.765982363887,132.436476419872,114.506611797164,114.511168320093,124.383709783467,142.224057320652,93.2868777662445,98.1279448450113,82.2525146322556,63.4795174816692,51.4107762747938,46.2013333207205,46.1685205108258,54.5377110449075,62.0939373613426,60.7461173818774,63.5445579093619,67.529680185007,62.3442105138005,70.8485887392431,86.5821720568139,76.1893813882975,91.4225069545418,104.213328432061,
Japan,,,,,,,,,,,,,,,,,,,,,,,,,,,,,,,,,,,,,,,,,,,,,,,,,,,,
Jordan,,,,,,,,,,,18.091396918758,22.128291679596,22.5592619863493,22.285351418377,22.0845953161094,24.3892090055617,25.2143828788198,37.5492635225548,43.110527438947,42.927359449619,46.5620392678047,48.2296690822607,53.845773182062,59.4499042171606,64.5262136473436,78.3967726110719,80.0962116481455,99.3154713738226,103.078789590273,185.983892330481,218.984568434306,253.213864400567,160.533462478355,144.351820442205,127.537032931673,118.787943588543,111.494971691713,103.896643544467,97.2326898101524,101.074920390548,85.9133916876349,82.457583292276,83.9429496379762,80.7470431886391,69.0268203330463,59.5446297701317,50.0356152035462,45.3747718184027,28.128190923255,25.7438686799771,27.8543249877275,
Kazakhstan,,,,,,,,,,,,,,,,,,,,,,,,,,,,,,,,,,7.394986980613,13.1867847667138,18.5391357545963,14.0388220192738,18.6625052228607,27.8738322274087,37.5971264741525,72.9701196713537,71.1771157905482,76.4838266115545,78.2715436857932,81.4518102998033,84.5439289803274,101.300708989922,104.115180120607,94.1644869969013,108.435309932216,94.2897835634175,
Kenya,,,,,,,,,,,30.2130143329979,28.3896544955918,28.0316745842765,35.1951891408194,40.1784569036576,40.746992114329,44.8107908198767,38.2573581323777,42.4874069913209,45.275528439431,48.0847432394479,48.6177166685783,54.520223217554,62.6775371553311,58.6461446585354,70.5495111888242,65.7586571475236,75.1917798683084,72.3260185186736,73.3529690753733,85.7867166863314,95.8168040852666,87.695797435522,131.896817645685,104.986800084698,83.7599833083804,57.6451465416383,49.9483015197287,48.8706760482835,50.8900950338882,48.8849525439312,42.9585005782443,46.9958258262364,46.567986178992,43.3503044336359,34.3135661143796,29.3792974844937,27.4176706928171,25.0516054880909,27.9145124818505,26.8686991444471,
Kiribati,,,,,,,,,,,,,,,,,,,,,,,,,,,,,,,,,,,,,,,,,,,,,,,,,,,,
"Korea, Dem. Rep.",,,,,,,,,,,,,,,,,,,,,,,,,,,,,,,,,,,,,,,,,,,,,,,,,,,,
"Korea, Rep.",,,,,,,,,,,,,,,,,,,,,,,,,,,,,,,,,,,,,,,,,,,,,,,,,,,,
Kosovo,,,,,,,,,,,,,,,,,,,,,,,,,,,,,,,,,,,,,,,,,,,,,,,,,,6.44045855253307,5.95707572487752,
Kuwait,,,,,,,,,,,,,,,,,,,,,,,,,,,,,,,,,,,,,,,,,,,,,,,,,,,,
Kyrgyzstan,,,,,,,,,,,,,,,,,,,,,,,,,,,,,,,,,0.238586277667288,14.4409246272217,26.9293656695565,37.4920881297631,63.5849192653599,78.7300456159119,96.0590764767632,147.726214305311,141.913027923535,117.146116905958,119.559939624041,108.977173481671,115.24972853847,90.0423534489087,88.687283693961,73.2521140067724,70.8269700683202,88.5759792518088,89.2041311132978,
Laos,,,,,,,,,,,,,,,,,,,,,,,,,29.4906024853197,26.1404794387574,48.8654016601246,106.815576070137,221.29694281443,206.08354990416,204.033723070031,181.955736858975,169.799189017261,149.45547058631,134.198709666394,122.605424409547,120.690364247366,136.122533903874,197.07228300669,176.881066940506,150.284600131553,146.666400075603,172.600396229664,114.129636900026,108.527977109681,108.966089179509,103.951154797478,108.361693752951,96.2818134977279,92.261477202822,78.9569184341987,
Latvia,,,,,,,,,,,,,,,,,,,,,,,,,,,,,,,,,1.33029338929377,5.25995271843098,7.367899930386,8.79678722094894,21.8900155609693,44.5874885029485,46.6940032278134,56.2522964404029,62.1321782891661,63.5223992241191,72.8805403247895,78.953347308849,92.1032704476064,89.9032559649481,116.28050071727,140.218341643016,125.52311778952,150.165031181559,164.316109565564,
Lebanon,,,,,,,,,,,,,,,,,,,,,,,,,,,,,,30.2559496044098,51.6371710029779,32.3846905968856,31.3387060125058,17.4268017640721,21.5141119680172,24.3586016655232,28.5150620195722,31.6895519103997,40.0847134337549,48.2108176109662,58.2677630081527,73.3623833266435,96.4166270226994,117.214327116251,110.207557179529,107.735486911523,111.013713822415,99.3725363219006,79.6983576717186,71.6500156151714,60.6840872524062,
Lesotho,,,,,,,,,,,9.17693337269977,8.78879597392517,8.80129305329916,5.0366836970636,4.23978302788177,5.61727269524152,5.66321490136036,6.85518818036656,7.65550533434035,10.5454439016484,10.3573453830959,11.6562166987968,16.3804435696396,16.1269554941485,19.8390414653688,33.6684709351346,34.1618614617276,36.926754657297,37.6115334714604,42.7093789069767,43.8743996426499,45.917655784434,45.4027305966045,52.2559493980734,58.3209034982231,59.4303707772621,62.7974834859245,57.99050631427,64.6969704282156,66.3427336974621,69.0068007531811,69.1153970980531,81.5500101464637,58.4820658330705,42.6822663901109,35.6653197395492,34.9694725383454,33.7347254314183,32.3226195512638,31.0774501842119,28.4352434747713,
Liberia,,,,,,,,,,,47.3592177931401,44.8357087145081,40.4805787501095,38.2659459778863,30.9579317074173,29.058147010445,32.2870559258654,39.5475518861671,55.7330939501747,66.4326037913374,73.7614383015537,89.0118465915816,101.903933702831,133.015029369491,133.793247487377,154.790636762912,207.96230968701,233.914641654719,218.155603293048,319.151566757493,,,,,,,,911.69318614389,794.16203543048,761.174652611709,718.690830348666,742.995001135944,717.076637508218,1022.74153859315,1021.00756073704,934.230048808842,926.802371051171,664.729335223734,464.947273164228,225.427160526788,28.3363109404323,
Libya,,,,,,,,,,,,,,,,,,,,,,,,,,,,,,,,,,,,,,,,,,,,,,,,,,,,
Liechtenstein,,,,,,,,,,,,,,,,,,,,,,,,,,,,,,,,,,,,,,,,,,,,,,,,,,,,
Lithuania,,,,,,,,,,,,,,,,,,,,,,,,,,,,,,,,,0.647481769148966,4.47801582348613,7.21557601764032,9.75015725272827,17.1182123880853,30.5725394549219,31.5787932816843,41.2131968774254,42.0189228141347,44.1801929046258,44.1342191552509,41.2596828445108,47.8300074000266,45.1187167126994,63.4466007857284,78.5325749573173,69.6115370944253,84.7564617463194,82.9504475365014,
Luxembourg,,,,,,,,,,,,,,,,,,,,,,,,,,,,,,,,,,,,,,,,,,,,,,,,,,,,
"Macao, China",,,,,,,,,,,,,,,,,,,,,,,,,,,,,,,,,,,,,,,,,,,,,,,,,,,,
"Macedonia, FYR",,,,,,,,,,,,,,,,,,,,,,,,,,,,,,,,,,41.7796409000991,33.0951461982955,28.9609077540619,41.6036935647877,33.5279777508212,42.265002170936,39.3067798823393,41.4908953955044,43.8058676113709,44.7896804199594,40.8394430237698,52.8207874063373,51.5922005874795,51.6501790749971,53.5167041721297,48.1630178069893,60.8342795472771,65.0657836189102,
Madagascar,,,,,,,,,,,43.752486742826,40.9470302749982,38.1560584529682,30.6406137167503,39.4530806965396,34.8436209686221,8.75486441776596,33.1512053754376,13.3354322102532,22.4013202832157,30.7829124090322,45.3424625302515,55.6432053400271,59.3606204503949,76.186177526536,91.7706234811033,95.9874821878081,151.771502561159,161.085790350524,147.601339902142,124.718811156911,156.570747291387,134.803485237949,116.989831512433,144.016455177039,143.308704463556,107.566203562209,118.670631134907,119.619698715988,129.09284399293,123.222245369691,92.9132990155689,104.281124666285,91.6618585942058,88.417659234491,70.4302460289053,27.4426040799979,23.4253307173192,22.2128147244539,26.2395885577795,26.6033092149807,
Malawi,,,,,,,,,,,47.7232299879515,42.1147511720538,43.7542651801134,48.2487547078023,43.0059281214301,43.3601865120644,47.5124871221456,58.7752371529654,65.1259907843914,67.5968695205499,72.9420479632559,71.1284154757275,77.900172834634,77.4371391561906,76.3586209950859,94.6472108814708,103.04896173152,121.362691504607,102.426815602671,91.4508309528916,84.725800349978,77.1238937600062,96.9967603184803,89.9596228505015,177.413450441799,165.752729839098,103.070777170961,84.8444759257415,142.656096558575,158.075360187592,158.44589896959,153.52477621728,110.133020463465,129.931608885575,132.738121517089,117.299454787973,27.5498818529255,23.0004387705509,22.0610570321252,22.1939508682875,18.5062470854824,
Malaysia,,,,,,,,,,,12.0417537585543,15.9240496308866,17.9412831444949,12.923870327768,13.1876866768956,21.9181104508691,23.939850285182,25.4304337075195,26.1700070901032,23.9923491523417,27.4789249945016,37.3273496395388,51.2686480275499,61.0047174216002,58.0749442847347,68.6275675526627,82.9503249528208,75.6139441563722,55.7055056584799,44.3908360744101,36.3644774393108,36.6034660834456,35.7407755899335,41.0599670981921,42.7900395043609,40.5514113355434,41.2572007632349,49.8173928484848,62.1187086226134,56.8201042457221,48.4612905990044,52.2810949653878,51.0921373896583,46.4430095728834,43.9582141328377,39.424250518051,36.1519556866602,33.6403217628749,30.770852311768,35.0770108939669,35.4395684601053,
Maldives,,,,,,,,,,,,,,,,,,,,,,,,,,72.8379152772632,57.1450895973935,61.368650278717,45.0949748092702,38.8521768655844,40.2129855472778,38.1495922218434,38.1339845104348,40.5827728507992,39.4017143551088,40.8595217919162,39.2535740785728,35.6366511931544,37.8172112118245,39.2062015015882,34.6610197023047,43.6821838787067,49.6973596420906,45.7054876376627,51.431850375344,63.5729651917362,77.8425064683814,102.674940970737,94.3264525524203,92.0692630268952,86.5738657118107,
Mali,,,,,,,,,,,70.3066880932066,63.2223963027485,55.3598978688983,53.648498030998,65.3705454077556,43.4416497406542,40.1322797934384,44.9340905001261,45.7281682328756,35.8650343411632,41.1221309424182,56.9464555865843,67.2849250311409,78.1787371883792,95.9372660728531,113.075324278976,105.401549462144,107.20187890889,105.112537160451,,102.605792728669,107.33412956833,102.116095478244,108.321013414477,154.903087212969,122.298762546849,117.02277420285,130.150270424158,125.874039625792,126.538544463032,123.744215193724,116.007233023256,89.2925370491489,72.6337888656521,69.7726648993334,62.777521177926,28.810232872307,25.5470039929585,24.1092809475219,24.0684559306797,26.1116800319766,
Malta,,,,,,,,,,,,,,,,,,,,,,,,,,,,,,,,,,,,,,,,,,,,,,,,,,,,
Marshall Islands,,,,,,,,,,,,,,,,,,,,,,,,,,,,,,,,,,,,,,,,,,,,,,,,,,,,
Mauritania,,,,,,,,,,,13.435893753277,18.7371565245606,22.3228328778519,33.6731006283137,42.4810749995962,41.779932839953,82.9591530998427,104.073427283498,135.057559164006,119.72472328288,124.976549932642,133.425091989324,161.939869326436,171.017085579328,193.13670119236,230.484243485425,208.970764744265,215.981888110417,205.709849227506,192.448366141364,196.427274401453,206.30011328335,150.073933968925,183.389710457451,178.798414350504,175.340997447074,168.343098136732,176.312504184364,192.570707724819,208.189497601356,217.817274323653,209.782566094806,177.577380017906,174.582583197004,143.997700021689,120.053860803927,69.3325652893927,60.249153821663,54.8643896001866,66.4989089268953,67.0227783873482,
Mauritius,,,,,,,,,,,,,,,,,9.10769735520818,12.3121223417673,18.7831773669124,25.5283361750268,37.7436243803116,45.823167387848,53.03438145295,48.6064368004121,51.0339061638367,55.8050180329178,44.8239407645936,42.5054722356419,39.2514638386224,37.4402097407793,35.4392622415455,34.6461812271945,29.1697409606529,27.5825625014834,31.0894515590273,35.1980156087173,31.954969639082,32.128758926778,30.9225418932346,29.788779790372,20.7842395442126,18.6267085848306,19.0295411403729,17.5612473338591,14.5044648316383,12.4686111458374,9.59062463555882,8.32889318275698,6.44069960476511,9.28845641938068,10.9783980626966,
Mayotte,,,,,,,,,,,,,,,,,,,,,,,,,,,,,,,,,,,,,,,,,,,,,,,,,,,,
Mexico,,,,,,,,,,,19.9562947699211,19.4732870597014,18.5030728928592,19.3121961294206,19.7278702400925,21.174686437468,27.6214207493362,39.1835605180659,35.8602356110665,32.7854642344826,30.533111797115,32.5939795277603,53.3140503102192,66.5317508489518,57.2797088225802,55.2024229169866,82.7517321035342,82.024200393602,56.4051571010808,43.712919622084,41.1053243987325,37.2957591932025,31.7220197336087,33.3156582483488,33.897927636226,60.4877105102063,48.9875506163276,38.0009116935351,39.0216571504735,35.599399518358,26.641666462485,26.9389414809837,24.7313976655342,23.487224752298,21.6609922627663,19.8842507128289,17.26947937617,17.5636353478068,17.343481484974,19.7569466661771,19.5162663258396,
"Micronesia, Fed. Sts.",,,,,,,,,,,,,,,,,,,,,,,,,,,,,,,,,,,,,,,,,,,,,,,,,,,,
Moldova,,,,,,,,,,,,,,,,,,,,,,,,,,,,,,,,,1.66019659210115,11.7052060384812,29.7982994204028,40.3224413923201,48.0400952757146,54.3129817983466,63.4125908782211,85.1516853959709,128.996306262299,103.91062604381,101.717697103573,87.5221959517814,66.2083580121866,61.2803858463648,63.9809539775252,65.850154616597,52.0205246400288,61.9438258187689,73.4876660010814,
Monaco,,,,,,,,,,,,,,,,,,,,,,,,,,,,,,,,,,,,,,,,,,,,,,,,,,,,
Mongolia,,,,,,,,,,,,,,,,,,,,,,,,,,,,,,,,,27.4861500825032,52.2725889873476,51.24051050434,37.2334107531614,40.1176274702691,51.8597992738755,64.6073280622219,86.4398644009575,79.2127015964539,69.9028888913516,74.4109554107047,92.9573513978918,76.6223383399333,53.677663779945,42.9478029128254,40.6466230388605,33.6300497584693,48.8320061505303,44.2604203322409,
Montenegro,,,,,,,,,,,,,,,,,,,,,,,,,,,,,,,,,,,,,,,,,,,,,,,30.7538531039735,34.2262017747954,31.9693226808482,55.7968779692599,39.0950747753952,
Morocco,,,,,,,,,,,24.9676542987437,26.0588107970728,23.5454460197806,20.8164915209225,19.8408689870362,29.7833045287697,35.3872797590918,51.2999198408252,53.1168411105105,52.5403515263749,52.8320122768252,71.3679507514707,81.9312592815973,96.5205054756702,113.382283951629,131.692522831602,110.268167454268,117.361705475533,99.4793167320672,103.543197493563,100.677864353249,84.1362818755137,82.7585445004778,86.3500195291294,78.726883916363,75.0615382027088,68.5564252480323,72.8668924804246,60.617402519789,59.2029560998881,57.3419734221524,51.1407337420358,45.5891686345183,37.3135991882123,30.1687658453918,27.5255755973669,27.5341611908828,27.6694125743147,23.8239614517091,26.5404995466082,28.1489027685733,
Mozambique,,,,,,,,,,,,,,,,,,,,,,,,,39.6694011393359,64.7884573203658,67.9864576413767,186.655791156365,208.071352093105,202.493780788538,198.261961140383,183.643246933103,282.960356981284,277.656817994282,366.83942355057,358.165402900033,249.651549594184,212.233265138485,206.306740483327,169.129541411051,179.346440728349,128.283043114465,124.145255638204,86.2964503253177,82.82298485945,66.7804759278121,40.926363192648,39.0547922987212,36.6230172719461,41.7277426436439,43.7739629552333,
Myanmar,,,,,,,,,,,,,,,,,,,,,,,,,,,,,,,,,,,,,,,,,,,,,,,,,,,,
Namibia,,,,,,,,,,,,,,,,,,,,,,,,,,,,,,,,,,,,,,,,,,,,,,,,,,,,
Nepal,,,,,,,,,,,0.323103900547445,0.940000519024368,1.13172673285625,2.00904511742699,2.22693218156407,2.14070499765475,3.39215080134824,7.24031502593059,6.98700932964782,7.87011132870866,10.4441648377217,12.184978967455,14.6552020424158,18.3907352570268,17.9377312662272,22.5136009692722,26.094697310144,33.3512962522923,33.4527918799868,38.391157408716,44.6918436403003,44.8729650575771,52.666592871577,54.6175786974451,56.8910052486478,54.6898595606868,52.9457408746262,48.9915548923172,54.9165283062232,59.8484547678674,51.9987641459251,48.8249157234453,49.4852979548337,50.0284370367408,46.2939294675583,38.9996562318035,37.100415672267,34.6952755047088,29.0283608469877,28.2215761904257,23.3979562827957,
Netherlands,,,,,,,,,,,,,,,,,,,,,,,,,,,,,,,,,,,,,,,,,,,,,,,,,,,,
New Caledonia,,,,,,,,,,,,,,,,,,,,,,,,,,,,,,,,,,,,,,,,,,,,,,,,,,,,
New Zealand,,,,,,,,,,,,,,,,,,,,,,,,,,,,,,,,,,,,,,,,,,,,,,,,,,,,
Nicaragua,,,,,,,,,,,28.2806696965011,32.630527896853,38.0655509168727,44.6525918607617,43.7096587178819,54.7034553928844,52.1886107677484,61.3423867027332,74.658445188589,107.631383041284,108.608769496854,107.678700553774,127.900360988218,159.078112940411,163.769193412605,229.523684682939,240.297834462542,207.09578332444,383.918287574111,1210.05989933245,1088.37607038272,946.284620642053,869.041467550486,853.685640372324,479.469503121099,368.562395182515,199.160446511199,195.564707198621,186.633508950901,191.422662545883,180.538914959622,163.314499966038,166.219053910245,173.614315423283,117.347921499069,104.411941024274,80.6176205013613,66.5057243279575,68.7959997130544,78.3923905014498,76.9189757811377,
Niger,,,,,,,,,,,4.90807303989691,6.04463174863649,7.41335237630469,6.8809247712861,9.21700343836785,11.0184116361791,12.5723519277716,13.4206643840291,34.9366637176339,30.7860689889561,34.9693906584604,48.762990064709,49.3558147861063,55.1661381324965,69.5493307616418,87.4967434019708,76.5070873701868,76.0714653955196,76.0883633488582,69.5318314569259,72.526004702334,66.6993205033756,66.9140885205777,99.4928665876938,100.64252713683,87.6468312725176,79.3312214932723,87.4397021921636,82.1415532573017,85.2385553953773,95.8754277055254,83.8826514479542,85.9876578665775,78.1953529753873,66.3260316099651,59.3955582817593,22.7354547240473,26.759070281747,18.7269873583173,21.190643858701,20.5139786331422,
Nigeria,,,,,,,,,,,6.92553560924735,11.2760814343224,9.55195888500373,12.6247329896273,7.84212710601416,6.2168118947035,3.77134019261316,8.82215947051745,13.9943709451029,13.2979965289667,14.6063599554118,19.5717823157605,24.5864172843586,51.2365482317293,64.859945310327,68.0791254215126,118.2303488331,137.891705383537,132.607842032616,138.444284282717,130.697706617934,134.8794054788,97.5061932332847,161.711762596822,155.288796025474,131.690997924783,94.9749669623174,83.7075098609279,103.332984227848,87.4694314152032,77.8889544023349,70.3779012305328,57.8113536543947,57.6986183172996,48.3507670688992,22.3096018872945,5.44542196496438,5.53697472416365,5.82139759994441,4.86820702545012,4.45922683185664,
Northern Mariana Islands,,,,,,,,,,,,,,,,,,,,,,,,,,,,,,,,,,,,,,,,,,,,,,,,,,,,
Norway,,,,,,,,,,,,,,,,,,,,,,,,,,,,,,,,,,,,,,,,,,,,,,,,,,,,
Oman,,,,,,,,,,,,,,,,,,,,,,,,,,,,,,,,,,,,,,,,,,,,,,,,,,,,
Pakistan,,,,,,,,,,,33.5890690005883,35.2015297253628,43.3107769559918,69.5268143156629,55.8784055670214,49.6805927800858,49.469020517573,47.2130717423159,42.7431674778898,41.2335988168542,38.2424338988094,34.3661155855824,34.7938817202098,37.2803466390138,35.4687208113056,39.629557001398,45.2906626814414,47.0632851525158,42.2656371928691,43.8750127731535,49.333093284726,50.0682896716955,50.5699142976763,47.1630765607137,52.5176094462706,49.381897905949,47.171306986934,48.4579506096205,52.2731556079165,54.2101685317965,44.8228636736353,44.3655238527494,46.1773628908038,41.9438572430213,35.8316468975681,30.0052699858151,28.2373594219285,28.4901760899308,29.3345260932743,32.8110762232502,31.2627657379876,
Palau,,,,,,,,,,,,,,,,,,,,,,,,,,,,,,,,,,,,,,,,,,,,,,,,,,,,
Panama,,,,,,,,,,,22.1426906176201,24.7175061805897,31.6679404195586,36.7598879704898,40.5244671775983,48.8256808521803,67.5722560043822,79.9862077417416,91.9665621598296,91.6278944979823,87.3063570186555,88.805451701005,88.6741277156024,91.8022635645893,91.3789407313998,91.0825362068303,93.8721721430648,97.1222869792297,126.771272361641,134.553158338924,128.53169794884,121.271628009234,100.079904620161,96.3355509893236,91.9102828893893,80.8558017423127,67.2848195446974,62.1747653116083,61.4791314373559,63.4357652435626,59.666067048242,69.3444859929853,65.8529744476976,67.6100990050282,63.8422839482678,60.3408415738016,59.6963101513348,50.4565276185119,44.665529742769,49.8092457184287,45.8026954783712,
Papua New Guinea,,,,,,,,,,,33.3599060127631,59.6508017800087,60.7139920261928,43.1860136016458,37.1681199436446,39.4048614776051,35.6459519610956,42.0535957113658,30.370026486846,27.1684309050674,28.9196116279542,49.1330649614792,72.3604627054362,77.1822138542066,82.106643080626,90.4695371563434,77.0887209235905,75.8576509113498,64.0037866594886,67.8738002934453,83.7732911744138,75.7231902755637,95.2182750411328,71.9779137815364,54.7801160757861,57.3355607648651,53.4110524243813,56.136743793731,76.968706796651,82.8523179012562,69.4092293912046,71.9410031129681,66.9732907539418,59.6378080067623,50.1360483105018,41.4997019124042,37.0307819188802,22.846615670627,17.8731313129566,20.0238764973246,62.8577048754616,
Paraguay,,,,,,,,,,,19.2113543322978,18.8432495816027,18.1398308387689,15.339943119266,14.0543915799672,14.956676334807,16.5046051015242,21.6067101347718,24.1322493510111,23.6283765475412,20.5724667070946,19.5548573376171,23.6176336451956,24.8363154440098,33.4439350494779,57.8654312125106,59.4606563880922,69.3563774301765,59.5648271198637,53.4555518544526,39.0571979390911,33.5469765805387,25.4657680472264,23.005047234396,29.7982669196114,31.4543496063186,28.9474070321807,27.6065239794182,35.230833680679,46.2519078101429,43.5250449285098,43.3383051173224,58.8822381488262,58.1617937943215,52.9384336895618,43.5223317199909,37.2512811032822,29.5880914605512,24.966832199025,28.5491413415714,25.3250726967123,
Peru,,,,,,,,,,,45.1102668524102,41.4863630863071,39.1860711804443,36.907138492,39.3161915048642,37.7668166016849,49.9620362938028,70.8259642822036,83.7572137924856,63.4794513276746,47.6450895206003,35.8450737392625,45.0329072659675,63.0407932991798,65.6286467463345,72.9757955181452,86.8521599491704,76.5052164365588,165.761222614102,105.128464027526,78.6142963262028,64.0848607166203,58.2113708782048,71.0758440422795,61.7284047070059,60.3090315056794,53.698315654078,51.663544825981,54.8696976473545,57.8390915965648,55.1909977105026,52.2176687581669,51.0396026331094,50.7592909926117,47.8931301907615,39.5898173060874,34.4694617390671,32.4362945264342,28.8127526014409,29.6926501901437,24.6213250365189,
Philippines,,,,,,,,,,,33.4901799183197,33.1114772906038,33.8543419458045,27.7000830368841,24.0795934760862,28.240797374945,35.8545382034756,41.9511364205236,47.7271937050286,48.6873756548029,54.4093684784465,59.1860329381936,67.6322307604411,74.8338730769102,81.3694437674286,90.5499187640223,98.7977593000177,93.1502136640786,78.8912093845089,69.7349211104486,70.1894307650119,71.87280812302,62.0193585337636,65.3661466580545,61.0553709345644,51.5091967143756,51.0868324485792,58.2655718703364,68.3620962507934,71.1808445273547,71.9835163194216,76.4416351324506,74.0238895275382,74.8485631859037,66.779140359515,59.9970521509335,49.9478612903244,44.482889501933,37.4163801351651,37.5376883263472,36.1871949503476,
Poland,,,,,,,,,,,,,,,,,,,,,,,,,,,,,,,,,,,,,,,,,,,,,,,,,,,,
Portugal,,,,,,,,,,,,,,,,,,,,,,,,,,,,,,,,,,,,,,,,,,,,,,,,,,,,
Puerto Rico,,,,,,,,,,,,,,,,,,,,,,,,,,,,,,,,,,,,,,,,,,,,,,,,,,,,
Qatar,,,,,,,,,,,,,,,,,,,,,,,,,,,,,,,,,,,,,,,,,,,,,,,,,,,,
Romania,,,,,,,,,,,,,,,,,,,,,,,,,,,,,,2.61694103343476,2.98712185871874,7.48177384459336,13.0881929434812,16.3325661801727,18.7077590524962,19.3895056639955,24.1373270399695,27.5618828979732,24.2547552724951,25.6006017587883,30.3536781098577,31.6928205315749,36.8029383680684,38.4790856983034,40.0131421570754,39.6504222485557,45.0117061138997,49.7742865476454,51.4334927260415,71.9238857155217,76.4049689300717,
Russia,,,,,,,,,,,,,,,,,,,,,,,,,,,,,,,,,17.162553806183,26.0003833924994,30.9665585603936,30.957235570975,32.7149423878228,32.1977599199666,68.6049072462286,92.8605817228996,63.245373849229,50.4345964072602,43.5336050066532,42.110562553918,34.0310323363016,32.2037860605427,26.1099550443321,28.474456491387,24.9864919888442,31.5978885284811,26.8774480878393,
Rwanda,,,,,,,,,,,2.21772716950215,0.89647676688863,1.37251228866718,2.75080885589538,4.02230111263563,4.26000088244832,7.19462367254895,11.3974753408625,14.5995472632828,15.1041539376774,16.296548704742,14.7859835690307,15.3567439916968,15.7519661441061,18.1180864529162,21.279899770759,23.2087004457395,27.9817943978935,27.2248646497762,25.7931706075115,27.5257134841522,42.4668332715364,42.1947193573204,46.3923929715282,127.036526406484,79.2241689871922,76.26835235308,60.5636186156479,61.8496608908634,67.2807040523886,73.8735909744691,77.533688095552,88.3168065979288,84.4874016261463,80.5247659287587,59.0805162542355,13.3968056992041,15.6988804361549,14.1710243746596,14.3331978758311,14.2349782391941,
Saint Kitts and Nevis,,,,,,,,,,,,,,,,,,,,,,,,,15.1047159028153,16.7154049949436,18.2084501259016,19.7918778592405,21.6847829916627,27.3463756593264,28.616799690641,30.885176743988,28.1782504278167,27.1506881910615,26.9530405527647,25.2073704748061,27.9578639952374,43.8911562853149,48.4642811838188,49.241896071025,52.6736496076961,70.6748345099863,85.3730801788364,99.0236621819389,87.5748975009377,72.6096262146512,63.587810072877,56.4840034900621,43.9169953934131,46.078309541698,39.9544817518248,
Saint Lucia,,,,,,,,,,,,,,,,,,,,,,10.3545829394436,12.0242666234157,12.2863126628403,10.4465819513747,12.4152199519644,14.3929100765145,19.6883781019069,21.8778675213458,21.8571273951815,21.4438373967273,20.6453332921448,21.8912947707305,22.0622328004054,23.4722778322054,24.61075715242,26.6937205129928,26.9088614988913,29.7976394269026,28.3272671206422,33.3764288327355,39.3145704415096,42.7201908466317,47.8780397696482,48.1604790238699,52.3156913863112,41.5025257803057,52.7234714629822,91.1874566470329,42.3107925758077,54.0480310880829,
Saint Martin,,,,,,,,,,,,,,,,,,,,,,,,,,,,,,,,,,,,,,,,,,,,,,,,,,,,
Saint Vincent and the Grenadines,,,,,,,,,,,7.88617886178862,3.68548258928337,2.80944819157979,9.23907016679116,9.69195446848166,10.3769428842932,11.3989522294986,12.9840853788257,12.2060087992569,13.4202393136794,17.8917085454054,25.7387145448494,25.6464958427822,27.8992375037392,24.2087382916194,24.4703258522736,26.3382275258031,30.1358531630473,30.8734059453399,30.9092306853606,33.3049716698293,34.1157157493868,33.6983470222158,44.1438540893811,49.3518150325362,46.4232926291409,45.1821507070692,41.6047661326141,44.7627766773603,62.16509005393,61.4156195670313,58.4429895864712,49.6924621541605,54.7331928125814,58.166555041238,60.2009117142566,51.2881548340657,37.759420093403,36.4913925006458,37.3022099738917,48.412706043956,
Samoa,,,,,,,,,,,,,,,,,,,,,,,53.8430075910126,59.7164924606039,70.9837317759184,80.5380087591674,75.0454548715322,70.9556186251942,48.1350653169203,47.9961325841548,55.8729742564205,70.013835421329,71.425074526954,83.4859343486277,81.9844456066946,82.642542045929,68.5048370395655,54.5946635009964,59.6785040989688,63.3421039677992,56.051847993198,54.769505822319,57.0164676680547,57.574528865864,47.5055292061286,43.1381136519725,37.8305835030781,38.7334553232088,36.6190778853084,48.9767123605968,56.6369790445598,
San Marino,,,,,,,,,,,,,,,,,,,,,,,,,,,,,,,,,,,,,,,,,,,,,,,,,,,,
Sao Tome and Principe,,,,,,,,,,,,,,,,,,,,,,,,,,,,,,,,,,,,,,,,,,,,,,299.344482355517,277.087964907867,110.414363459788,74.7963242526396,77.5000358941893,85.2515128150563,
Saudi Arabia,,,,,,,,,,,,,,,,,,,,,,,,,,,,,,,,,,,,,,,,,,,,,,,,,,,,
Senegal,,,,,,,,,,,14.4510537534179,14.7356466478452,12.8663858373662,13.9262914412179,16.4797977118923,16.16239307263,18.5733530159826,27.712657882566,35.5827996730823,35.669430073242,43.2882297064299,54.4660229852516,62.1221573452994,77.5997328396783,85.1973283945106,90.2735475690842,80.2693142675711,83.3623799681902,81.6685735852796,69.6329671643304,68.0065126646346,66.1953012773302,62.7396696909151,69.3347209704344,99.0014564943121,82.8921499523132,75.8295032959816,82.7263546770159,81.9025780661719,78.4366428772969,78.7134086513533,76.4665552011592,78.1587513983338,64.5159941438536,49.1404160903427,44.8198356334479,20.5024520375395,22.7150370331896,21.4217610393241,27.4489720668293,28.5021689857883,
Serbia,,,,,,,,,,,,,,,,,,,,,,,,,,,,,,,,,,,,,,49.5977155684719,67.2126721612547,61.7928786636747,189.078102863629,109.912800569147,75.9130503556638,72.5479197095601,61.6091349467268,64.5449943309496,68.7374046697675,67.7521528244347,64.0119040169989,80.8290901490636,84.2728683362736,
Seychelles,,,,,,,,,,,,,,,,,,,,,59.2378437376074,23.95077890514,33.5795063240603,36.9362470103093,46.6446335173824,57.8796835159542,72.7045549695493,73.8341153024209,60.9930257041272,54.7673686697248,51.981107770573,54.2873510140406,44.6240346889952,39.1599193802617,41.3570556170335,40.5331731153565,37.9829260166288,34.0747105277577,41.1370258799741,42.0723786243154,52.0701458063694,52.9242757930384,62.0329446008032,65.7882685025154,66.7328202881661,79.5410237068966,118.732090633209,147.669789366892,179.525696785107,245.469263125687,176.653399190202,
Sierra Leone,,,,,,,,,,,14.425155790522,27.0458709720735,26.0993987179528,25.1046296405297,30.3679603346052,30.7617306194409,40.2218617857998,43.3637843266565,37.4191011027357,37.9134843696908,43.9335859563044,54.5179960019559,49.4323582437852,66.6067080919314,57.9815968413152,85.4436123310169,192.74720677159,153.95413277582,102.635053235327,121.841643690785,202.88076429643,173.804370968223,226.354256015837,210.794682058862,191.507560760005,149.003051680035,133.265207333713,140.47626460144,200.88838035577,195.445388107724,193.121506380374,154.46116900401,150.019741159813,158.714332695856,157.369495570946,148.880259352296,108.043801056781,32.1436417964565,31.6890909286089,37.7605915721496,40.83880805306,
Singapore,,,,,,,,,,,,,,,,,,,,,,,,,,,,,,,,,,,,,,,,,,,,,,,,,,,,
Slovak Republic,,,,,,,,,,,,,,,,,,,,,,,,,,,,,,,,,,,,,,,,,,,,,,,,,,,,
Slovenia,,,,,,,,,,,,,,,,,,,,,,,,,,,,,,,,,,,,,,,,,,,,,,,,,,,,
Solomon Islands,,,,,,,,,,,,,,,,,,,16.8275206375839,14.1374756820878,17.9857991061452,19.5178191570881,21.8092875,28.7736447848286,26.224286115007,42.6807715039578,56.3292757894737,59.9226358588957,48.8849898097826,43.8978982194141,58.1189912645432,56.1819528132992,36.453182624769,58.9705199987322,53.4493823453668,49.492491019773,43.5632437267081,24.9764642055279,33.3173836795582,34.6312210462433,35.6724605701238,40.5015732957124,52.9336542088164,53.6297555430244,46.7371882394856,40.0596973260715,37.6451847936584,32.2546371279423,30.0825635818791,32.9564982556234,38.8481551330587,
Somalia,,,,,,,,,,,24.3599234771014,25.5272235230764,24.2297395331994,24.4117442191237,37.2155682845092,32.2046680751776,35.6221844033083,79.2241589583152,92.0035085334181,97.342945473063,109.466185157751,152.011195450272,160.285281713545,193.765476166787,201.268002325532,198.125513703438,206.115471075844,209.766544258584,213.359073999077,212.767058598541,283.881957750726,,,,,,,,,,,,,,,,,,,,,
South Africa,,,,,,,,,,,,,,,,,,,,,,,,,,,,,,,,,,,16.2504607916744,17.106236438438,18.5251165532033,17.3582849928693,18.8761549577312,18.3937192330712,19.167459917964,20.9601526492134,23.1730164502144,16.7613175123707,12.6232622720095,12.8325135220575,13.8832005799861,15.7778447522454,15.9764915067012,15.3619122409317,12.6698171675321,
Spain,,,,,,,,,,,,,,,,,,,,,,,,,,,,,,,,,,,,,,,,,,,,,,,,,,,,
Sri Lanka,,,,,,,,,,,20.2213639573199,23.9919422566026,23.4650080472867,23.9913441372736,24.1868443347919,24.2006308057073,30.4186532835356,32.1274430829281,54.8807940325266,46.2650024860875,45.2701698348951,50.8841438963804,54.4947890342915,56.0993056811513,50.9811250092061,59.4622489888308,64.0087616996038,71.4085060163465,74.8046766997087,74.6959719467328,73.5342298102811,73.713835496206,66.8860842019924,66.7493707482857,68.3512411767977,65.2825773841135,60.564767589509,54.3266886784305,58.1088057341052,63.7460903744098,56.7367768362466,56.0389896940098,57.4802546982185,55.5849105299034,53.9759464999186,47.1733696614526,42.6380067654479,44.9046663395142,39.2867054707187,41.39443750085,41.8106104182217,
Sudan,,,,,,,,,,,18.4579797191715,17.5316095058782,18.464705708352,18.5865540138716,29.1607838877565,33.6867891264716,35.1887131194424,35.3776733706307,39.3901712676404,48.9884466765422,68.3854080230867,67.4241118615681,78.8381139561782,90.6671054911551,87.8680922067461,74.2940430779458,62.3567693930032,56.2370107065565,77.2795784454301,91.9982094786256,129.392684258607,155.705101976494,249.546175324007,197.353645382459,142.238434647216,136.241441767162,195.86020998178,143.878363044154,154.549467181581,157.517923390956,141.408530315077,123.462535804824,117.078991154132,104.623539051293,91.255681754175,67.0743105270101,54.0236608586756,45.666254027005,37.8411128952396,41.4774911662046,39.0530256079479,
Suriname,,,,,,,,,,,,,,,,,,,,,,,,,,,,,,,,,,,,,,,,,,,,,,,,,,,,
Swaziland,,,,,,,,,,,38.0067112669349,27.9573781502435,24.748038357779,19.2583698056677,,,,,,,,,,,,,,,,,21.8710851616861,21.2088948068943,17.3749694213815,16.2117949590489,17.1447751141768,14.0183482408376,13.4318229937898,22.0236785769766,18.6067057042061,20.5091327527403,17.376003854585,18.8938688958989,26.9453180457037,20.9472792019757,18.5331790318888,16.3672370153474,15.4195532075716,13.5110920488026,13.0776837285093,15.4277517660998,17.1724327293156,
Sweden,,,,,,,,,,,,,,,,,,,,,,,,,,,,,,,,,,,,,,,,,,,,,,,,,,,,
Switzerland,,,,,,,,,,,,,,,,,,,,,,,,,,,,,,,,,,,,,,,,,,,,,,,,,,,,
Syria,,,,,,,,,,,,,,,,,,,,,,,,,,,,,,,,,,,,188.910872092122,160.243540558525,156.831050635872,158.500297206044,149.91747735235,120.106920606556,103.508667856877,,,,,,,10.0929190441622,9.67677751955206,8.15528378512832,
Tajikistan,,,,,,,,,,,,,,,,,,,,,,,,,,,,,,,,,0.509677471312972,23.6222221655174,44.3078065015796,53.5556938373612,72.2782311237989,118.567456933401,96.585052614401,120.59009425375,125.38572954502,102.729779647024,98.0514616604764,78.4725850874582,51.9324865884632,45.0303121377437,34.81158462884,33.6304284076088,46.5159845055758,51.9498321885292,53.0522858513042,
Tanzania,,,,,,,,,,,,,,,,,,,,,,,,,,,,,122.020201957601,137.800668661185,158.292294576785,137.322167633652,150.913572553399,165.179552056577,165.733734239607,143.680197979928,114.208320064146,93.8725595624669,81.1636150853519,81.8367642125938,70.9480990783235,62.7931649223558,66.0376186792367,62.693245509201,67.1459485631377,59.1952580801223,28.2511641114691,29.7385502633894,28.7658035993695,34.2481726751463,37.6505990964474,
Thailand,,,,,,,,,,,14.1001876451201,14.6418167553355,15.0865988313945,11.5398855670058,11.6869940535431,12.5334125969593,13.7277699542339,16.9592851210692,21.1046281825105,24.5528873643419,25.8555753952607,31.6424824156007,33.9601399511244,34.9405724093897,36.2835263820234,45.7709127990636,43.7753379880605,40.9344279353858,35.7726188953805,32.9299581685501,33.3383259180704,38.9538198426715,38.3430336627203,42.7268110133378,46.1209995021012,60.5262755030102,63.420596501068,74.6464450216316,97.1544469900147,81.1240292750318,65.9885265383121,59.7086679948652,48.4778042789611,37.2913318081894,32.0780073524726,27.629489431993,23.097481240098,19.0392667506673,18.9598312996721,22.8413169602895,23.358159203355,
Timor-Leste,,,,,,,,,,,,,,,,,,,,,,,,,,,,,,,,,,,,,,,,,,,,,,,,,,,,
Togo,,,,,,,,,,,16.0292211310832,16.8804228868522,14.3564830561166,17.655237167752,22.5851757981773,27.4004274515172,39.3609561898396,56.827785419194,102.018164029529,126.818867134409,102.359162071073,109.316643159857,121.541591731963,126.89285583516,118.903008988129,128.928520816618,104.5846563096,102.859319886702,91.8694811985091,89.5557645603319,80.1378205107922,85.9818857128156,81.2200240281158,107.152767479238,156.33701222678,116.673594842417,103.419326153628,91.5423642726678,94.1091462978683,99.0703814850816,109.974215814062,108.367466063778,108.942311704166,98.6717479635321,89.7427091123635,91.3915014311423,89.0820970111788,89.0074256955301,58.0280902490501,58.0722287785644,61.1469258311451,
Tonga,,,,,,,,,,,,,,,,,,,,,,,,,,38.0027232833992,39.529517579722,41.8108134144634,32.4348307219432,34.412688319522,38.1572058794306,32.8852027933538,30.7650229809938,31.2933570108361,28.4489909745004,30.4502749805344,27.8206955160576,26.554683446512,32.6888290675254,34.2359586291432,34.1509292594849,38.0302582776682,39.2392023793135,40.4163375895625,35.1517497418331,30.6747279432029,27.2279790273467,27.6923810493404,24.9845197074211,31.4369968475146,39.6745123408798,
Trinidad and Tobago,,,,,,,,,,,,,,,,,,,,,,,,,,,,,,,,,,,,,,,,,,,,,,,,,,,,
Tunisia,,,,,,,,,,,43.372564173337,41.2807146453734,34.6642211652933,33.5328673087407,29.2503807073955,26.4417641919611,29.6227949773071,45.4680280156658,51.1283471045487,49.096372306216,41.710394398983,44.3710070974656,48.1078831156463,50.197841150986,51.1653094125408,60.5929298417797,69.1241527550692,73.996792035113,70.8289677322192,72.4613689652681,64.703417013341,65.9035576472223,57.8294187772725,63.5194100321787,65.1978516154553,62.994196681875,61.33865312635,62.4108921061096,57.1277842004219,59.4766208452062,61.0299562601895,67.4639579156009,76.8370707943602,76.563666458255,72.5161719104042,65.4571249258881,63.052923984116,60.7911217485583,53.9952242542769,52.6469132862838,51.0957288242982,
Turkey,,,,,,,,,,,16.1470928359994,20.3335638992721,17.4982908358279,16.4293290613671,13.0785994099534,11.3656959647211,11.7526627622509,19.6245584300621,22.9746664511187,18.0218405625623,28.2789746105408,27.6384634876372,31.249858250756,33.7338376482081,36.9460947762631,39.6039241942224,44.5947956792936,48.1192086749028,46.4036023413901,39.6666393446433,33.3567699505791,34.2863462957379,36.1435756679907,38.6117809651049,51.9902472197269,44.3713522036697,44.7102066290421,45.3480136820476,36.4071323350828,41.2759516697983,44.4256228591907,59.0536239525786,56.7486102904714,48.3914598389633,41.2594301849882,35.381139092946,39.0635656455934,39.5204695873001,39.3476079021423,44.7295957003002,40.397910796738,
Turkmenistan,,,,,,,,,,,,,,,,,,,,,,,,,,,,,,,,,,8.63393695898627,16.2504420757784,16.0858364086268,31.5583136649429,73.631585729029,90.8695560544034,107.828072985862,92.3356699404379,66.2022729454274,45.5075882648188,29.5477507660931,22.6158609169608,14.0294535852758,9.18000300061592,6.23822019383647,4.02355678474474,3.21357011327322,2.13210276120158,
Turks and Caicos Islands,,,,,,,,,,,,,,,,,,,,,,,,,,,,,,,,,,,,,,,,,,,,,,,,,,,,
Tuvalu,,,,,,,,,,,,,,,,,,,,,,,,,,,,,,,,,,,,,,,,,,,,,,,,,,,,
Uganda,,,,,,,,,,,12.1881480897661,12.3577054365205,12.0553532066063,10.4018201194922,9.70100132882979,8.8812514285625,9.99412845465506,10.2800006895175,17.6880429978448,27.6442689060504,55.8114628882728,53.3760283795003,40.6473596132391,45.9777487507404,30.1023289866423,35.7274847547443,36.6800321790642,31.1063913280115,30.0803093532791,42.1490267096341,61.64129957649,85.8974999595488,106.529253584899,96.2573321190812,86.4666721514874,63.3395948301798,61.8547419727085,62.4971681384643,59.9408102042639,58.4435296152268,57.4610762936893,64.945306601944,65.5655147340803,72.7074002769755,60.4218661466599,49.0172262343988,12.6641823012113,13.5368388812699,15.6879835189186,15.8877758871748,17.9045957147657,
Ukraine,,,,,,,,,,,,,,,,,,,,,,,,,,,,,,,,,0.745455316157489,6.01733871729362,10.7952835904581,17.7691445990344,21.6844483957248,22.4862440418133,31.8601696360331,45.4177159865587,40.1884594978591,54.9183593920508,51.8298176150932,48.1911436691742,45.8005433052726,38.1505596796995,48.30753696516,55.1069469451833,54.0759441585266,90.1093646020166,85.8963711027619,
United Arab Emirates,,,,,,,,,,,,,,,,,,,,,,,,,,,,,,,,,,,,,,,,,,,,,,,,,,,,
United Kingdom,,,,,,,,,,,,,,,,,,,,,,,,,,,,,,,,,,,,,,,,,,,,,,,,,,,,
United States,,,,,,,,,,,,,,,,,,,,,,,,,,,,,,,,,,,,,,,,,,,,,,,,,,,,
Uruguay,,,,,,,,,,,15.2680997420464,14.4835774427823,21.4607081410211,13.0463584795026,20.3970320530475,26.1845341884438,28.6374183014798,27.3028962956522,20.6555789567553,18.5731460353474,16.9689277940965,19.8134553536513,29.4383959657503,68.3702766328343,72.9340680317112,89.4776984626495,69.9090626814415,60.8440420141502,48.4578426671308,55.1124305341054,49.2736324306931,38.27860986691,36.1446125180281,32.8492875975479,29.5839765794821,27.9962901072193,29.0730734285448,28.0683690293523,30.0601805631574,32.9593823350471,36.948941277202,44.2729181133307,74.0919305648621,94.6379257532793,89.381086148034,65.8294439863104,49.6270324263027,42.1133603346232,31.6721354379781,36.3166978921531,28.9752060136219,
Uzbekistan,,,,,,,,,,,,,,,,,,,,,,,,,,,,,,,,,0.461275746870618,7.88704714261883,9.6852745146937,13.502489354559,17.1325920024995,20.0175999658115,22.5883429808879,29.210714862912,34.2113203077943,43.4721170972796,50.2811863147155,49.1151556644823,40.2536747749559,29.9801168527688,24.0461985549848,18.8118512167656,17.046805962991,20.0691187102242,18.9793297212159,
Vanuatu,,,,,,,,,,,,,,,,,,,,,,3.66119004623686,4.93784211867513,10.9334818408461,10.7524104770367,12.92039614713,15.387217415496,20.719664372638,19.1778304518822,20.8105379259294,23.5005592706487,20.1948352062066,20.7540637048978,22.2025641940928,23.9002528242785,22.5720813848793,21.6703369436749,21.373748124575,24.4206546554061,24.1513126014139,27.8127498596485,27.2197514571109,34.7787971108038,31.3273632989608,33.7387066855479,21.5801978388709,19.4063472206857,18.9978577003232,20.5201206549334,21.8601905649343,20.9247666434582,
Venezuela,,,,,,,,,,,11.4326354182035,14.0449329208979,16.4595794949349,14.9886505135489,9.34720442540331,7.08682246991681,13.5631967697728,25.326902934758,35.6441267487376,43.1741052881125,43.5130492383812,42.2382278764746,42.7975157049314,50.0968849126615,68.459819756336,63.4431494296743,59.9255251412011,79.0711243973145,61.316534569127,81.4056613356093,71.7154398837692,66.7266441771186,66.7230851382864,66.567604183424,67.6277317773231,49.0004528434212,52.2491866051206,42.8627480132334,42.5230612299356,42.5279679823707,36.5742864287276,32.3845048788551,40.7118425340114,46.9433574970845,35.6597958102377,31.3212721624167,23.979860263933,21.0985624781136,16.9167239337907,17.0750781729029,14.3387374099491,
Vietnam,,,,,,,,,,,,,,,,,,,,,,,,,,,,,,327.061754421262,384.011662183776,257.055515319703,255.318278207675,190.616572560454,156.222833986144,123.980063105633,108.189282020969,82.6379120763025,84.0856422617698,82.0063167622267,41.7306132781179,39.220971992256,38.5488563999192,40.882136039138,40.2346802229278,36.613324766716,31.2181764707501,32.9467347125264,28.5678060570101,31.2742197018685,36.4812252917766,
Virgin Islands (U.S.),,,,,,,,,,,,,,,,,,,,,,,,,,,,,,,,,,,,,,,,,,,,,,,,,,,,
West Bank and Gaza,,,,,,,,,,,,,,,,,,,,,,,,,,,,,,,,,,,,,,,,,,,,,,,,,,,,
"Yemen, Rep.",,,,,,,,,,,,,,,,,,,,,,,,,,,,,,,132.597969837198,129.926299013467,123.14021611022,132.322001552667,188.611709714008,169.944221989068,124.031133245914,61.8293419913824,94.0644503750117,89.2886444178949,58.0130597745691,59.3546393150373,58.6431002482421,55.316151203451,44.4784032122865,36.0956208758656,31.7275862894645,30.0748233264281,25.3213649615555,25.5890067930863,,
Zambia,,,,,,,,,,,46.700739548583,53.4824183546981,52.8966622820548,45.8841320568182,43.9348502931734,73.8837360482243,78.0328394014927,96.9324592241855,97.6413763439979,98.9711664313259,90.2691797855713,92.5056982265588,100.629051699923,122.06050454873,153.633317671416,225.952960823572,414.945018107382,337.282796076356,201.741524660385,182.664205155302,229.538239231603,232.499653994664,233.671796963823,214.606483278194,218.911249240448,215.071300753805,230.385333845103,181.983631085654,227.912758506103,197.457810042809,185.691640160252,175.808085971936,184.632545215443,160.483349287702,146.09475271977,81.5818307934406,23.8398913994321,27.3412479343519,22.4633586220158,26.5583551228237,25.7958170211938,
Zimbabwe,,,,,,,,,,,12.471136116207,11.1014380910121,8.28050260959109,6.64902886226284,5.5332518972918,4.33709280373063,3.38959695080281,4.65013366113328,10.3926404809311,10.9677476305528,12.0311003695797,15.9851826700899,22.5116436533507,28.9654332852498,34.99150590747,43.7952534958838,43.4473308997566,44.1898720680406,35.5823477160064,34.9290014169556,38.5205199510094,41.6606251695507,63.742973971849,67.2837970559843,68.0220633738092,73.5299186055637,60.5377854436777,60.0791556313906,76.4262478141857,67.3618867694384,60.9545840486608,55.2911487073827,63.5828039629911,80.471504305589,86.5024643924007,77.4906627217928,91.9313571910208,111.688387931605,128.868139121604,89.0067111605488,71.7833142530052,